name,text,publish_date,url,privacy,user_id
Group style a listen yes.,Piece plan organization perhaps hour. Discuss organization final church tree from reality edge. Professor front guess.,2023-12-26T21:14:09.776389,http://robinson.com/,private,4
Must style maintain gener,Challenge week marriage also mean. Explain around kitchen know nation. Decade television heart take season.,2023-12-26T21:14:09.776773,http://www.aguirre-reed.org/,private,1
Serve shoulder central dr,Significant alone argue begin forward. Recent long story seek.,2023-12-26T21:14:09.777067,https://www.hester-key.net/,private,4
Whom effort these. Send c,Money or memory include. Stop Congress quality use partner edge no.,2023-12-26T21:14:09.777279,https://www.gentry-bradshaw.com/,private,3
Boy increase history miss,Until account sing customer difficult water around. Safe drop ago write. Order summer poor box although.,2023-12-26T21:14:09.777491,https://www.holland.biz/,private,2
Capital national perform ,Long hand theory look ground. Arm discuss best consumer score reality. Southern including create director.,2023-12-26T21:14:09.777700,https://gonzalez-arnold.net/,private,3
Risk who improve drug wes,Event family help note. Option challenge line town. Rock like reflect mean offer.,2023-12-26T21:14:09.777907,https://oliver.com/,private,4
Carry return peace identi,Talk world provide girl agree. Color score provide less.,2023-12-26T21:14:09.778233,https://www.young.com/,private,2
Ten scene include inside.,Consider else which project still much street.,2023-12-26T21:14:09.778493,https://www.berry.info/,private,2
Assume should manager eff,My age quickly husband agent already sit. Remain environmental consider but national.,2023-12-26T21:14:09.778627,http://young.com/,private,2
